{
    "planering": [
       {
            "tid": "8:15",
            "agenda": "Samling",
            "detaljer": "Samlas framför borgen."
        },
        {
            "tid": "8:30",
            "agenda": "Introduktion ",
            "detaljer": "Introducerar värd ."
        },
        {
            "tid": "9:00",
            "agenda": "Rundtur",
            "detaljer": "Alla får en väl genomgån  ."
        },
        {
            "tid": "10.00",
            "agenda": "Fika",
            "detaljer": "Vi fikar och tar en pause?"
        },
        {
            "tid": "10:30",
            "agenda": "Frts, rundtur",
            "detaljer": "Vi går vidare med historia."
        },
        {
            "tid": "11:45",
            "agenda": "Summering",
            "detaljer": "Vi avslutar dagen och smftng"
        }

    ]
}